เส้นทาง,วิธีไป,เวลา,¥/คน,หมายเหตุ
พฤหัส: PVG T2 → โรงแรม (~21:15),แท็กซี่ 2 คัน โชว์: 上海市静安区大田路129弄1号A座33层,60-75 น.,65,เช็กอินปิด 23:30 — แจ้งโรงแรมล่วงหน้า
ศุกร์: โรงแรม → NatHist,เดิน 500 ม.,7 น.,0,เปิด 09:00
ศุกร์: NatHist → อวี้หยวน,Line 13 自然博物馆 → 新天地 ต่อ Line 10 → 豫园,~20 น.,4,
ศุกร์: Bund → North Bund → Rockbund,เดินเลียบแม่น้ำ / ข้าม Garden Bridge,10-15 น./hop,0,กันเซ็ต 16:20-17:00
เสาร์: โรงแรม → Huangjincheng Rd,Line 2 南京西路 → 南京东路 ต่อ Line 10 → 水城路 + เดิน,~40 น.,5,แสงเช้า 9:00-10:30
เสาร์: กุเป้ย → Wukang,Line 10 水城路 → 上海图书馆 + เดิน 500 ม.,~15 น.,4,
เสาร์: Xintiandi → โรงแรม,Line 13 新天地 → 自然博物馆 ตรง 2 ป้าย,~12 น.,3,
อาทิตย์: โรงแรม → พิพิธภัณฑ์ดาราศาสตร์,Line 2 → 龙阳路 ต่อ Line 16 → 滴水湖 + แท็กซี่ 10 น.,~95 น.,12,ออก 08:00 • จองล่วงหน้า!
อาทิตย์: ดาราศาสตร์ → Expo Culture Park,Line 16 → 龙阳路 ต่อ 7 → 耀华路 ต่อ 8 → 中华艺术宫,~50 น.,8,
อาทิตย์: Expo → Jumen Rd,แท็กซี่ข้าม Lupu Bridge 2 คัน,~15 น.,10,แสงทอง 16:30-17:15
อาทิตย์: Jumen → โรงแรม,Line 13 世博会博物馆 → 自然博物馆 ตรง,~20 น.,4,
จันทร์: โรงแรม → Concert Hall,Line 2 1 ป้าย → 人民广场 + เดิน 5 น.,~12 น.,3,08:30 แสงเช้า
จันทร์: Concert Hall → Wenshui Rd,Line 1 人民广场 → 汶水路 6 ป้าย,~20 น.,4,
จันทร์: Wenshui → 1933,แท็กซี่ 2 คัน ~10 น.,10 น.,8,hop เดียวที่คุ้มกว่า Metro
จันทร์: หงโข่ว → Lujiazui,Line 10 海伦路 → 南京东路 ต่อ 2 → 陆家嘴,~35 น.,5,
จันทร์: Lujiazui → พูซี,เฟอร์รี่ ¥2 (东昌路 → 金陵东路),10 น.,2,วิวไฟกลางน้ำ
จันทร์: Bund → จิ้งอัน,Line 2 南京东路 → 静安寺 4 ป้าย,~15 น.,4,วัดไฟค่ำ+Kerry+มื้อส่งท้าย
อังคาร: โรงแรม → PVG T2 (08:15),แท็กซี่ 2 คัน,60-75 น.,65,ไฟลต์ 12:00
