สถานที่ / กิจกรรม,ราคา ¥,≈ บาท,เวลาเปิด / ข้อจำกัด,หมายเหตุ
พิพิธภัณฑ์ดาราศาสตร์เซี่ยงไฮ้ 上海天文馆,฿150.66,30,ปิดจันทร์ • จองล่วงหน้า ~7 วัน,4.8★ Trip.Best • ล็อกอาทิตย์ 13 ธ.ค.
พิพิธภัณฑ์ประวัติศาสตร์ธรรมชาติ 上海自然博物馆,฿150.66,30,09:00-17:00 ปิดจันทร์,ห่างโรงแรม 500 ม. • เริ่มเช้าศุกร์
Shanghai Ocean Aquarium 上海海洋水族馆,฿602.63,122,09:00-18:00 เข้าก่อน ~17:00,"4.7★ 50,890 รีวิว • ล็อกจันทร์ 15:30"
สวนอวี้หยวน 豫园,¥30,30,09:00-16:30 ปิดจันทร์,ศุกร์ 10:50
Christkindlmarkt 外滩源,¥30-40,35,ถึง ~28 ธ.ค. ปิดจันทร์-อังคาร,ศุกร์เย็น ✅
Shikumen Open House Museum,¥20,20,10:30-22:30,เสาร์
พิพิธภัณฑ์ไปรษณีย์ 上海邮政博物馆,¥0-10,10,เข้าถึง ~16:00 ปิดจันทร์,ศุกร์ 15:35
เฟอร์รี่ข้ามฟากฮวงปู่ 金陵东路渡口,¥2,2,07:00-22:00 ทุก 15 น.,จันทร์ 18:20
ล่องเรือท่า 16 十六铺 (อัปเกรด),฿524.78,106,รอบเย็นถึง ~21:30,ศุกร์ 20:00 ถ้าจอง
Greenhouse Garden Expo Park (อัปเกรด),~¥120,120,ตามเวลาสวน,เรือนกระจกในร่ม
Shanghai Tower ชั้น 118 (อัปเกรด),¥180,180,08:30-21:30,วิว 360°
นวด 90 นาที (อัปเกรด),¥180,180,10:00-02:00,หลังวันอาทิตย์
กิงโกะ 5 พิกัด (Concert Hall/Wenshui/Huangjincheng/Ruijin/Jumen),ฟรี,0,กลางแจ้ง,กลาง ธ.ค.=ปลายพีค เช็ก Xiaohongshu
The Bund/หนานจิง/Wukang/Anfu/Huaihai/Sinan/Tianzifang/Xintiandi,ฟรี,0,ตลอดวัน,✅ ในแผน
สะพานวงแหวน Lujiazui / North Bund Greenland / Zhang Yuan,ฟรี,0,ตลอดวัน,จุดถ่ายหลัก
ตลาดคริสต์มาส Xintiandi + Jing'an Kerry,ฟรี,0,1-25 ธ.ค. / ถึง 1 ม.ค.,เสาร์ + จันทร์ค่ำ
Expo Culture Park (ตัวสวน),ฟรี,0,ตลอดวัน,Greenhouse คิดเงินแยก
Shanghai Museum East (Plan B),ฟรี (จอง),0,ปิดอังคาร,สวิตช์อาทิตย์ถ้าพลาดจองดาราศาสตร์
The Starry Band Museum,฿190.36,38,—,❌ ตัด — 3.9★ ต่ำสุดในลิสต์
